{"EX_12dgr180(e)": 0.07692307692307693, "EX_4hbz(e)": 0.42857142857142855, "EX_ca2(e)": 1000.0, "EX_cgly(e)": 0.5, "EX_cl(e)": 1000.0, "EX_cobalt2(e)": 1000.0, "EX_cu2(e)": 1000.0, "EX_fe3(e)": 1000.0, "EX_k(e)": 1000.0, "EX_metala(e)": 0.375, "EX_mg2(e)": 1000.0, "EX_mn2(e)": 1000.0, "EX_o2(e)": 18.5, "EX_ribflv(e)": 0.1764705882352941, "EX_so4(e)": 30.0, "EX_thm(e)": 0.25, "EX_zn2(e)": 1000.0, "EX_h(e)": 1000.0, "EX_na1(e)": 1000.0, "EX_nh4(e)": 1000.0, "EX_pi(e)": 1000.0, "EX_glc_D(e)": 5.0, "EX_xyl_D(e)": 5.0, "EX_h2o(e)": 1000.0, "EX_fe2(e)": 1000.0, "EX_glyasn(e)": 0.5, "EX_lys_L(e)": 0.5, "EX_26dap_M(e)": 0.42857142857142855, "EX_alaleu(e)": 0.33333333333333337, "EX_glytyr(e)": 0.2727272727272727, "EX_spmd(e)": 0.42857142857142855, "EX_alahis(e)": 0.33333333333333337, "EX_glycys(e)": 0.5, "EX_nac(e)": 0.5, "EX_pnto_R(e)": 0.33333333333333337, "EX_pydx(e)": 0.375, "EX_glymet(e)": 0.42857142857142855, "EX_mqn7(e)": 0.06521739130434782, "EX_ocdca(e)": 0.16666666666666669, "EX_pheme(e)": 0.08823529411764705, "EX_rmn(e)": 5.0, "EX_glyleu(e)": 0.375, "EX_sheme(e)": 0.07142857142857142, "EX_fol(e)": 0.15789473684210525, "EX_dgsn(e)": 0.3, "EX_strch1(e)": 0.045454545454545456, "EX_acgam(e)": 0.375, "EX_4abz(e)": 0.42857142857142855, "EX_arg_L(e)": 0.5, "EX_hxan(e)": 0.5, "EX_trp_L(e)": 0.2727272727272727, "EX_nmn(e)": 0.2727272727272727, "EX_glypro(e)": 0.42857142857142855, "EX_ser_L(e)": 0.5, "EX_ile_L(e)": 0.5, "EX_val_L(e)": 0.5, "EX_adn(e)": 0.3, "EX_q8(e)": 0.061224489795918366, "EX_cys_L(e)": 0.5, "EX_his_L(e)": 0.5, "EX_metsox_S_L(e)": 0.5, "EX_tyr_L(e)": 0.33333333333333337, "EX_glyphe(e)": 0.2727272727272727, "EX_ttdca(e)": 0.21428571428571427, "EX_ptrc(e)": 0.5, "EX_mqn8(e)": 0.058823529411764705, "EX_thymd(e)": 0.3, "EX_alathr(e)": 0.42857142857142855, "EX_alagln(e)": 0.375, "EX_phe_L(e)": 0.33333333333333337, "EX_pro_L(e)": 0.5, "EX_pydxn(e)": 0.375, "EX_adocbl(e)": 0.04166666666666667, "EX_asn_L(e)": 0.5, "EX_btn(e)": 0.3, "EX_met_L(e)": 0.5, "EX_ins(e)": 0.3, "EX_thr_L(e)": 0.5, "EX_gua(e)": 0.5, "EX_ura(e)": 0.5, "EX_cit(e)": 0.5, "EX_xan(e)": 0.5, "EX_leu_L(e)": 0.5, "EX_orn(e)": 0.5, "EX_ala_L(e)": 0.5, "EX_glu_L(e)": 0.5, "EX_gthox(e)": 0.15, "EX_dhna(e)": 0.2727272727272727}